<chart dateFormat='dd/mm/yyyy' outputDateFormat='hh12:mn ampm' caption='Time Shifts' >
   <categories> 
      <category start='00:00:00' end='23:59:59' label='Time' />
   </categories>
   <categories align='left'>
      <category start='00:00:00' end='02:59:59' label='Midnight' />
      <category start='03:00:00' end='05:59:59' label='3 am' />
      <category start='06:00:00' end='08:59:59' label='6 am' />
      <category start='09:00:00' end='11:59:59' label='9 am' />
      <category start='12:00:00' end='14:59:59' label='12 noon' />
      <category start='15:00:00' end='17:59:59' label='3 pm' />
      <category start='18:00:00' end='20:59:59' label='6 pm' />
      <category start='21:00:00' end='23:59:59' label='9 pm' />
   </categories>
   <processes fontSize='12' isBold='1' align='left' headerText='Who?' headerFontSize='18' headerVAlign='bottom' headerAlign='left'>
      <process label='John.S' id='EMP121'/>
      <process label='David.G' id='EMP122'/>
      <process label='Mary.P' id='EMP123'/>
      <process label='Andrew.H' id='EMP124'/>
      <process label='Neil.M' id='EMP125'/>
   </processes>
   <tasks showLabels='1'>
      <task processId='EMP121' start='08:00:00' end='12:30:00' label='Morning Shift'/>
      <task processId='EMP121' start='15:00:00' end='19:30:00' label='Evening Shift'/>
      <task processId='EMP122' start='10:00:00' end='16:30:00' label='Half Day'/>
      <task processId='EMP123' start='08:00:00' end='12:00:00' label='Morning Shift'/>
      <task processId='EMP123' start='15:00:00' end='21:30:00' label='Evening Shift'/>
      <task processId='EMP124' start='08:00:00' end='20:30:00' label='Full time support'/>
      <task processId='EMP125' start='10:00:00' end='14:30:00' label='Half Day'/>
   </tasks>
</chart>
