{
  "chart":{
    "caption":"Yearly Sales",
    "xaxisname":"Year",
    "yaxisname":"Sales"
  },
  "data":[{
      "label":"2004",
      "value":"37800",
      "link":"newchart-xml-2004-quarterly"
    },
    {
      "label":"2005",
      "value":"21900",
      "link":"newchart-xml-2005-quarterly"
    },
    {
      "label":"2006",
      "value":"32900",
      "link":"newchart-xml-2006-quarterly"
    },
    {
      "label":"2007",
      "value":"39800",
      "link":"newchart-xml-2007-quarterly"
    }
  ],
  "linkeddata":[{
      "id":"2004-quarterly",
      "linkedchart":{
        "chart":{
          "caption":"Quarterly Sales Summary",
          "subcaption":"For the year 2004",
          "xaxisname":"Quarter",
          "yaxisname":"Sales"
        },
        "data":[{
            "label":"Q1",
            "value":"11700"
          },
          {
            "label":"Q2",
            "value":"8600"
          },
          {
            "label":"Q3",
            "value":"6900"
          },
          {
            "label":"Q4",
            "value":"10600"
          }
        ]
      }
    },
    {
      "id":"2005-quarterly",
      "linkedchart":{
        "chart":{
          "caption":"Quarterly Sales Summary",
          "subcaption":"For the year 2005",
          "xaxisname":"Quarter",
          "yaxisname":"Sales"
        },
        "data":[{
            "label":"Q1",
            "value":"5500"
          },
          {
            "label":"Q2",
            "value":"7100"
          },
          {
            "label":"Q3",
            "value":"3900"
          },
          {
            "label":"Q4",
            "value":"5400"
          }
        ]
      }
    },
    {
      "id":"2006-quarterly",
      "linkedchart":{
        "chart":{
          "caption":"Quarterly Sales Summary",
          "subcaption":"For the year 2006",
          "xaxisname":"Quarter",
          "yaxisname":"Sales"
        },
        "data":[{
            "label":"Q1",
            "value":"6700"
          },
          {
            "label":"Q2",
            "value":"9200"
          },
          {
            "label":"Q3",
            "value":"10800"
          },
          {
            "label":"Q4",
            "value":"6200"
          }
        ]
      }
    },
    {
      "id":"2007-quarterly",
      "linkedchart":{
        "chart":{
          "caption":"Quarterly Sales Summary",
          "subcaption":"For the year 2007",
          "xaxisname":"Quarter",
          "yaxisname":"Sales"
        },
        "data":[{
            "label":"Q1",
            "value":"8900"
          },
          {
            "label":"Q2",
            "value":"6600"
          },
          {
            "label":"Q3",
            "value":"11200"
          },
          {
            "label":"Q4",
            "value":"13100"
          }
        ]
      }
    }
  ]
}