{
  "chart":{ 
    "caption":"Monthly Unit Sales", "xaxisname":"Month", 
	 "yaxisname":"Units", "showvalues":"0", 
	 "formatnumberscale":"0", "showborder":"1"  },
  "data":[
    { "label":"Jan", "value":"462"  },
    { "label":"Feb", "value":"857"  },
    { "label":"Mar", "value":"671"  },
	 { "label":"Apr", "value":"494"  },
    { "label":"May", "value":"761"  },
    { "label":"Jun", "value":"960"  },
    { "label":"Jul", "value":"629"  },
    { "label":"Aug", "value":"622"  },
	 { "label":"Sep", "value":"376"  },
    { "label":"Oct", "value":"494"  },
    { "label":"Nov", "value":"761"  },
    { "label":"Dec", "value":"960"  }
  ]
}